p,method,coverage,coverage_error,mcse,gamma_mean,N,err_sqrt,err_linear
0.5,gaussian,0.9573125,0.007312500000000055,0.0015981488772903402,-0.005127544893186181,120,0.08010442403513114,0.8775000000000066
0.5,cornish_fisher,0.9575625,0.0075625000000000275,0.0015936702645495324,-0.005127544893186181,120,0.08284303682265667,0.9075000000000033
0.5,calibrated,0.952,0.0020000000000000018,0.0016899704139422093,-0.005127544893186181,120,0.021908902300206663,0.2400000000000002
0.8,gaussian,0.916,0.03399999999999992,0.0021929432277193127,0.40969835125372234,120,0.3724513391035121,4.07999999999999
0.8,cornish_fisher,0.8940625,0.05593749999999997,0.0024330375317408023,0.40969835125372234,120,0.6127646112089044,6.712499999999997
0.8,calibrated,0.95175,0.0017500000000000293,0.0016941431739230309,0.40969835125372234,120,0.019170289512681134,0.21000000000000352
0.9,gaussian,0.8540625,0.09593750000000001,0.002791054304534288,0.6856788524257735,120,1.0509426572130376,11.512500000000001
0.9,cornish_fisher,0.8115,0.13849999999999996,0.003092003294791259,0.6856788524257735,120,1.5171914842893097,16.619999999999994
0.9,calibrated,0.951625,0.0016250000000000986,0.001696224840915112,0.6856788524257735,120,0.017800983118918978,0.19500000000001183
0.5,gaussian,0.9598125,0.009812500000000002,0.0015526683653421865,0.0036731722015476602,150,0.12017809050529969,1.4718750000000003
0.5,cornish_fisher,0.9595625,0.00956250000000003,0.0015572874773494378,0.0036731722015476602,150,0.11711622832682106,1.4343750000000044
0.5,calibrated,0.953375,0.003375000000000017,0.0016667916294298762,0.0036731722015476602,150,0.041335139409466336,0.5062500000000025
0.8,gaussian,0.9230625,0.026937499999999948,0.002106806248414736,0.4847600687280397,150,0.32991564973110865,4.040624999999992
0.8,cornish_fisher,0.8986875,0.05131249999999998,0.0023854805247547875,0.4847600687280397,150,0.628447212132809,7.696874999999998
0.8,calibrated,0.9515,0.0015000000000000568,0.0016983033813191327,0.4847600687280397,150,0.018371173070874533,0.22500000000000853
0.9,gaussian,0.869875,0.080125,0.0026597989159779546,0.7799251729671812,150,0.9813268282025107,12.01875
0.9,cornish_fisher,0.825375,0.12462499999999999,0.003001365411931293,0.7799251729671812,150,1.5263382959717677,18.693749999999998
0.9,calibrated,0.9485625,0.0014374999999999805,0.0017462761020552782,0.7799251729671812,150,0.017605707526253855,0.21562499999999707
0.5,gaussian,0.9601875,0.010187500000000016,0.0015457090776515407,-0.03221566975627206,180,0.13667965512467486,1.8337500000000029
0.5,cornish_fisher,0.9595625,0.00956250000000003,0.0015572874773494378,-0.03221566975627206,180,0.12829440020905084,1.7212500000000053
0.5,calibrated,0.946375,0.0036249999999999893,0.0017809646152963012,-0.03221566975627206,180,0.048634478510620284,0.6524999999999981
0.8,gaussian,0.9199375,0.030062499999999992,0.0021455258110447835,0.49153913648917713,180,0.40333076144152447,5.411249999999999
0.8,cornish_fisher,0.8965625,0.053437499999999916,0.0024075166613357784,0.49153913648917713,180,0.716939295285869,9.618749999999984
0.8,calibrated,0.945625,0.004374999999999907,0.0017926649048100143,0.49153913648917713,180,0.05869678440936823,0.7874999999999832
0.9,gaussian,0.870375,0.07962499999999995,0.0026554467535496733,0.7948404631981799,180,1.068281476250524,14.33249999999999
0.9,cornish_fisher,0.82525,0.12474999999999992,0.003002212075078974,0.7948404631981799,180,1.6736968811585915,22.454999999999984
0.9,calibrated,0.9491875,0.0008124999999999938,0.001736206170140625,0.7948404631981799,180,0.010900831390311392,0.14624999999999888
0.5,gaussian,0.956875,0.0068750000000000755,0.0016059505435839232,0.009508426718223988,210,0.09962821513005347,1.4437500000000159
0.5,cornish_fisher,0.9563125,0.006312500000000054,0.0016159150338072774,0.009508426718223988,210,0.09147681571032161,1.3256250000000114
0.5,calibrated,0.953375,0.003375000000000017,0.0016667916294298762,0.009508426718223988,210,0.048908396518389595,0.7087500000000035
0.8,gaussian,0.9203125,0.029687499999999978,0.002140931490376181,0.45124269332079453,210,0.43021274715249863,6.234374999999996
0.8,cornish_fisher,0.897125,0.052875000000000005,0.0024017146788154298,0.45124269332079453,210,0.7662315454547666,11.103750000000002
0.8,calibrated,0.95325,0.003250000000000086,0.0016689150199306127,0.45124269332079453,210,0.04709697442511692,0.6825000000000181
0.9,gaussian,0.878125,0.07187499999999991,0.0025862797167819063,0.7811739379604904,210,1.0415677036323645,15.093749999999982
0.9,cornish_fisher,0.8323125,0.11768749999999994,0.0029534767895624935,0.7811739379604904,210,1.7054539008171687,24.71437499999999
0.9,calibrated,0.9536875,0.0036875000000000657,0.0016614687091499418,0.7811739379604904,210,0.05343695175157451,0.7743750000000138
0.5,gaussian,0.9518125,0.0018124999999999947,0.0016931011643532639,0.037393809033713934,240,0.02807912926000369,0.4349999999999987
0.5,cornish_fisher,0.950875,0.0008750000000000702,0.001708649583278414,0.037393809033713934,240,0.013555441711727047,0.21000000000001684
0.5,calibrated,0.9444375,0.005562499999999915,0.0018109960759508487,0.037393809033713934,240,0.08617387945311371,1.3349999999999795
0.8,gaussian,0.92325,0.02674999999999994,0.0021044511977591687,0.444502247520428,240,0.4144092180441927,6.419999999999986
0.8,cornish_fisher,0.901,0.04899999999999993,0.0023611305554754906,0.444502247520428,240,0.7591047358566527,11.759999999999984
0.8,calibrated,0.9505,0.000500000000000056,0.0017148205080999,0.444502247520428,240,0.007745966692415701,0.12000000000001343
0.9,gaussian,0.8724375,0.07756249999999998,0.0026373555481029433,0.5662743615269491,240,1.2015930831608508,18.614999999999995
0.9,cornish_fisher,0.83625,0.1137499999999999,0.0029254907440889296,0.5662743615269491,240,1.7622074225243733,27.299999999999976
0.9,calibrated,0.9501875,0.0001875000000000071,0.0017199421291817865,0.5662743615269491,240,0.002904737509655673,0.045000000000001705
0.5,gaussian,0.9531875,0.0031875000000000098,0.001669975483423148,-0.03818984932230776,270,0.052375969561431666,0.8606250000000026
0.5,cornish_fisher,0.9523125,0.0023125000000000506,0.0016847366697749456,-0.03818984932230776,270,0.03799825242692173,0.6243750000000137
0.5,calibrated,0.9488125,0.001187500000000008,0.0017422567951465644,-0.03818984932230776,270,0.019512616111121674,0.32062500000000216
0.8,gaussian,0.9229375,0.02706249999999999,0.002108374241770037,0.4560438489773029,270,0.44468225137450657,7.306874999999997
0.8,cornish_fisher,0.8990625,0.05093749999999997,0.002381558327725646,0.4560438489773029,270,0.8369885331875814,13.753124999999992
0.8,calibrated,0.9505,0.000500000000000056,0.0017148205080999,0.4560438489773029,270,0.008215838362578411,0.1350000000000151
0.9,gaussian,0.8790625,0.07093749999999999,0.0025776881732202162,0.7956255294269928,270,1.1656220676906814,19.153124999999996
0.9,cornish_fisher,0.8285,0.12149999999999994,0.0029800141568455674,0.7956255294269928,270,1.9964487221063294,32.804999999999986
0.9,calibrated,0.951625,0.0016250000000000986,0.001696224840915112,0.7956255294269928,270,0.026701474678378467,0.4387500000000266
0.5,gaussian,0.957625,0.007624999999999993,0.0015925482601596421,0.010659483258046257,300,0.13206887407712678,2.287499999999998
0.5,cornish_fisher,0.9578125,0.0078125,0.0015891765722330473,0.010659483258046257,300,0.13531646934131855,2.34375
0.5,calibrated,0.9501875,0.0001875000000000071,0.0017199421291817865,0.010659483258046257,300,0.003247595264191768,0.05625000000000213
0.8,gaussian,0.9285625,0.021437499999999998,0.0020361450033358082,0.524264770975648,300,0.3713083918725781,6.4312499999999995
0.8,cornish_fisher,0.902375,0.04762499999999992,0.0023464648859374605,0.524264770975648,300,0.8248891971046765,14.287499999999975
0.8,calibrated,0.9556875,0.0056875000000000675,0.0016269008563782779,0.524264770975648,300,0.09851038968048108,1.7062500000000203
0.9,gaussian,0.8876875,0.06231249999999999,0.002496227182466447,0.664571018256771,300,1.0792841594663567,18.693749999999998
0.9,cornish_fisher,0.848125,0.10187499999999994,0.0028373511455999766,0.664571018256771,300,1.7645267602107928,30.562499999999982
0.9,calibrated,0.9515,0.0015000000000000568,0.0016983033813191327,0.664571018256771,300,0.025980762113534145,0.45000000000001705
0.5,gaussian,0.953875,0.003875000000000073,0.0016582649889078339,0.011003032655382189,330,0.070392870732768,1.278750000000024
0.5,cornish_fisher,0.9535,0.0035000000000000586,0.0016646649437649607,0.011003032655382189,330,0.06358065743604839,1.1550000000000193
0.5,calibrated,0.9518125,0.0018124999999999947,0.0016931011643532639,0.011003032655382189,330,0.03292569760081012,0.5981249999999982
0.8,gaussian,0.9235625,0.026437500000000003,0.0021005179211588216,0.482013882071436,330,0.4802610374187147,8.724375
0.8,cornish_fisher,0.903125,0.046875,0.0023384053644390874,0.482013882071436,330,0.8515266620899196,15.46875
0.8,calibrated,0.9455,0.0044999999999999485,0.0017946056321654627,0.482013882071436,330,0.08174655956063134,1.484999999999983
0.9,gaussian,0.8825625,0.06743749999999993,0.0025451661732801205,0.7265292417558085,330,1.2250630245266962,22.254374999999975
0.9,cornish_fisher,0.8390625,0.11093749999999991,0.002905131463180173,0.7265292417558085,330,2.0152797669461413,36.60937499999997
0.9,calibrated,0.9520625,0.002062500000000078,0.0016889252517087229,0.7265292417558085,330,0.03746717313195788,0.6806250000000258
0.5,gaussian,0.9544375,0.004437500000000094,0.0016486084775074318,-0.017078792302977826,360,0.08419564270198489,1.597500000000034
0.5,cornish_fisher,0.954875,0.004875000000000074,0.0016410502425085887,-0.017078792302977826,360,0.0924966215599265,1.7550000000000265
0.5,calibrated,0.94825,0.0017499999999999183,0.0017512841270764712,-0.017078792302977826,360,0.033203915431766436,0.6299999999999706
0.8,gaussian,0.92875,0.02124999999999999,0.0020336764353628143,0.4951754247602399,360,0.4031904016714682,7.649999999999997
0.8,cornish_fisher,0.9046875,0.04531249999999998,0.0023214761917763394,0.4951754247602399,360,0.8597442388582778,16.312499999999993
0.8,calibrated,0.9520625,0.002062500000000078,0.0016889252517087229,0.4951754247602399,360,0.039133186044585176,0.7425000000000281
0.9,gaussian,0.8965625,0.053437499999999916,0.0024075166613357784,0.8020181239566003,360,1.013905274791485,19.23749999999997
0.9,cornish_fisher,0.8519375,0.09806249999999994,0.002807801587694432,0.8020181239566003,360,1.860605118301569,35.30249999999998
0.9,calibrated,0.9481875,0.0018124999999999947,0.0017522835965489085,0.8020181239566003,360,0.034389769554331026,0.6524999999999981
0.5,gaussian,0.9536875,0.0036875000000000657,0.0016614687091499418,-0.011210858088193911,390,0.0728222901143612,1.4381250000000256
0.5,cornish_fisher,0.9534375,0.0034375000000000933,0.0016657286992813002,-0.011210858088193911,390,0.06788518569982886,1.3406250000000364
0.5,calibrated,0.9498125,0.0001875000000000071,0.001726063346964525,-0.011210858088193911,390,0.003702828310899796,0.07312500000000277
0.8,gaussian,0.930375,0.019625000000000004,0.0020121095797539213,0.4565389602885084,390,0.3875626965408307,7.653750000000001
0.8,cornish_fisher,0.911375,0.03862499999999991,0.002246811760236602,0.4565389602885084,390,0.7627826320453273,15.063749999999965
0.8,calibrated,0.9494375,0.0005624999999999103,0.0017321578593215378,0.4565389602885084,390,0.011108484932697196,0.21937499999996501
0.9,gaussian,0.8864375,0.06356249999999997,0.0025083119148362264,0.6907591694818571,390,1.2552587973949827,24.789374999999986
0.9,cornish_fisher,0.845,0.10499999999999998,0.002861107740019589,0.6907591694818571,390,2.073583854103807,40.949999999999996
0.9,calibrated,0.950375,0.0003750000000000142,0.001716871416541583,0.6907591694818571,390,0.007405656621799592,0.14625000000000554
0.5,gaussian,0.95275,0.00275000000000003,0.0016773758802814593,0.009071434237407782,420,0.05635822921277841,1.1550000000000127
0.5,cornish_fisher,0.9521875,0.002187500000000009,0.0016868325502948942,0.009071434237407782,420,0.04483040960107342,0.9187500000000037
0.5,calibrated,0.954875,0.004875000000000074,0.0016410502425085887,0.009071434237407782,420,0.09990776996810759,2.047500000000031
0.8,gaussian,0.9280625,0.021937499999999943,0.002042708007978471,0.49823385297192246,420,0.4495849648564762,9.213749999999976
0.8,cornish_fisher,0.90625,0.043749999999999956,0.0023043564380863476,0.49823385297192246,420,0.8966081920214639,18.374999999999982
0.8,calibrated,0.951125,0.0011250000000000426,0.0017045203572962984,0.49823385297192246,420,0.02305563922340997,0.4725000000000179
0.9,gaussian,0.8960625,0.05393749999999997,0.002412655384811386,0.7417058203253019,420,1.105389813877891,22.653749999999988
0.9,cornish_fisher,0.85475,0.09524999999999995,0.0027855928172922186,0.7417058203253019,420,1.9520441209153023,40.004999999999974
0.9,calibrated,0.951125,0.0011250000000000426,0.0017045203572962984,0.7417058203253019,420,0.02305563922340997,0.4725000000000179
0.5,gaussian,0.951375,0.001375000000000015,0.0017003788066009002,0.03557009114817487,450,0.029168154723945405,0.6187500000000068
0.5,cornish_fisher,0.9508125,0.0008124999999999938,0.0017096799745082054,0.03557009114817487,450,0.017235727791421965,0.3656249999999972
0.5,calibrated,0.94275,0.007249999999999979,0.0018366483995991179,0.03557009114817487,450,0.15379572490807364,3.2624999999999904
0.8,gaussian,0.928125,0.021874999999999978,0.002041889204496047,0.43405207376529853,450,0.46403882515367134,9.84374999999999
0.8,cornish_fisher,0.9085625,0.041437499999999905,0.0022786602916207966,0.43405207376529853,450,0.8790221173625249,18.64687499999996
0.8,calibrated,0.9449375,0.00506249999999997,0.001803306357322398,0.43405207376529853,450,0.10739184239270627,2.2781249999999864
0.9,gaussian,0.8896875,0.06031249999999999,0.002476686954680461,0.6043712734027563,450,1.2794213322094092,27.140624999999996
0.9,cornish_fisher,0.8519375,0.09806249999999994,0.002807801587694432,0.6043712734027563,450,2.0802197619031735,44.128124999999976
0.9,calibrated,0.95025,0.0002500000000000835,0.001718919309842669,0.6043712734027563,450,0.005303300858900878,0.11250000000003757
0.5,gaussian,0.95575,0.005750000000000033,0.0016258062903525747,-0.0005175363131324501,480,0.12597618822618892,2.7600000000000158
0.5,cornish_fisher,0.955875,0.005875000000000075,0.0016236144934797477,-0.0005175363131324501,480,0.12871480101371569,2.820000000000036
0.5,calibrated,0.952875,0.002875000000000072,0.0016752655456486589,-0.0005175363131324501,480,0.06298809411309568,1.3800000000000345
0.8,gaussian,0.934625,0.015374999999999917,0.0019541799650844593,0.44030682332565857,480,0.33684937286567534,7.37999999999996
0.8,cornish_fisher,0.91725,0.032749999999999946,0.0021780501242510465,0.44030682332565857,480,0.7175165503317664,15.719999999999974
0.8,calibrated,0.9559375,0.00593750000000004,0.00162251725903282,0.44030682332565857,480,0.13008410740747783,2.850000000000019
0.9,gaussian,0.9008125,0.04918749999999994,0.002363119493431167,0.7693256343860663,480,1.077644131891413,23.60999999999997
0.9,cornish_fisher,0.856375,0.09362499999999996,0.0027725987287989403,0.7693256343860663,480,2.051220977856846,44.93999999999998
0.9,calibrated,0.9539375,0.003937500000000038,0.0016571954111870377,0.7693256343860663,480,0.0862663028070645,1.8900000000000183
0.5,gaussian,0.9560625,0.006062500000000082,0.0016203201090708504,-0.012016251322209378,510,0.13691052621146593,3.0918750000000417
0.5,cornish_fisher,0.9558125,0.005812499999999998,0.0016247108366519802,-0.012016251322209378,510,0.13126473131614594,2.964374999999999
0.5,calibrated,0.9584375,0.008437500000000098,0.0015778755217409806,-0.012016251322209378,510,0.19054557771698832,4.303125000000049
0.8,gaussian,0.93,0.019999999999999907,0.0020171142753944303,0.4268930687779674,510,0.45166359162544645,10.199999999999953
0.8,cornish_fisher,0.915875,0.03412499999999996,0.002194424531269531,0.4268930687779674,510,0.7706510032109207,17.40374999999998
0.8,calibrated,0.9448125,0.0051874999999999005,0.0018052326692796063,0.4268930687779674,510,0.11715024407784848,2.6456249999999493
0.9,gaussian,0.8946875,0.05531249999999999,0.0024266975674740302,0.8003966107958658,510,1.2491321205891308,28.209374999999994
0.9,cornish_fisher,0.84775,0.10224999999999995,0.0028402237752948273,0.8003966107958658,510,2.309130112185105,52.14749999999997
0.9,calibrated,0.9500625,6.250000000007638e-05,0.0017219855199331303,0.8003966107958658,510,0.0014114487238312517,0.031875000000038956
0.5,gaussian,0.9523125,0.0023125000000000506,0.0016847366697749456,0.043224823039717884,540,0.053737643928629085,1.2487500000000273
0.5,cornish_fisher,0.95225,0.0022500000000000853,0.0016857850081638517,0.043224823039717884,540,0.052285275173802104,1.215000000000046
0.5,calibrated,0.9459375,0.004062499999999969,0.0017878014797117088,0.043224823039717884,540,0.09440396906380506,2.193749999999983
0.8,gaussian,0.9338125,0.01618749999999991,0.001965431168404117,0.47741000760462615,540,0.3761635075003933,8.741249999999951
0.8,cornish_fisher,0.9126875,0.03731249999999997,0.002231717770907508,0.47741000760462615,540,0.8670641466321848,20.148749999999986
0.8,calibrated,0.9544375,0.004437500000000094,0.0016486084775074318,0.47741000760462615,540,0.10311818159277465,2.396250000000051
0.9,gaussian,0.9015625,0.04843749999999991,0.002355148065856874,0.7412563012399247,540,1.1255857849915285,26.15624999999995
0.9,cornish_fisher,0.858,0.09199999999999997,0.002759483647351439,0.7412563012399247,540,2.137886807106493,49.679999999999986
0.9,calibrated,0.954375,0.004375000000000018,0.0016496848065426018,0.7412563012399247,540,0.1016658128379451,2.3625000000000096
0.5,gaussian,0.9525625,0.002562500000000023,0.0016805353238207687,0.0009335290657416139,570,0.06117884897985633,1.4606250000000132
0.5,cornish_fisher,0.9521875,0.002187500000000009,0.0016868325502948942,0.0009335290657416139,570,0.052225846690121,1.246875000000005
0.5,calibrated,0.948125,0.00187499999999996,0.0017532823570199697,0.0009335290657416139,570,0.04476501144867401,1.0687499999999772
0.8,gaussian,0.938125,0.011874999999999969,0.0019047060858404115,0.4523435349823326,570,0.28351173917494066,6.768749999999982
0.8,cornish_fisher,0.92075,0.029249999999999998,0.0021355537557621916,0.4523435349823326,570,0.6983341785993293,16.6725
0.8,calibrated,0.9480625,0.0019374999999999254,0.0017542804097006193,0.4523435349823326,570,0.04625717849696234,1.1043749999999575
0.9,gaussian,0.896125,0.053875000000000006,0.002412013997355219,0.7319898848174999,570,1.2862479956252606,30.708750000000002
0.9,cornish_fisher,0.85525,0.09475,0.002781607420853993,0.7319898848174999,570,2.2621252452063745,54.0075
0.9,calibrated,0.9493125,0.000687499999999952,0.0017341834776010221,0.7319898848174999,570,0.016413837531179674,0.39187499999997266
0.5,gaussian,0.956625,0.006624999999999992,0.0016103883338926368,-0.026565736703268995,600,0.16227869545938536,3.974999999999995
0.5,cornish_fisher,0.9565,0.006500000000000061,0.0016126017409763638,-0.026565736703268995,600,0.15921683328090808,3.9000000000000368
0.5,calibrated,0.9536875,0.0036875000000000657,0.0016614687091499418,-0.026565736703268995,600,0.0903249342651313,2.2125000000000394
0.8,gaussian,0.92975,0.02024999999999999,0.0020204414353675293,0.4415407038270578,600,0.49602167291359334,12.149999999999995
0.8,cornish_fisher,0.91125,0.03874999999999995,0.002248241500317526,0.4415407038270578,600,0.9491772753284803,23.24999999999997
0.8,calibrated,0.9494375,0.0005624999999999103,0.0017321578593215378,0.4415407038270578,600,0.01377837980315318,0.3374999999999462
0.9,gaussian,0.89875,0.05124999999999991,0.002384827529141258,0.616898624319444,600,1.2553634931763764,30.749999999999943
0.9,cornish_fisher,0.8649375,0.08506249999999993,0.0027020897132329588,0.616898624319444,600,2.083597212454939,51.03749999999996
0.9,calibrated,0.9506875,0.0006875000000000631,0.001711738468336905,0.616898624319444,600,0.016840241981635893,0.41250000000003784
0.5,gaussian,0.95425,0.004250000000000087,0.0016518349172208455,0.0046890726670003,630,0.10667415338309681,2.677500000000055
0.5,cornish_fisher,0.954625,0.00462499999999999,0.0016453743756171429,0.0046890726670003,630,0.11608657868160273,2.913749999999994
0.5,calibrated,0.947875,0.0021249999999999325,0.0017572703330556454,0.0046890726670003,630,0.05333707669154562,1.3387499999999575
0.8,gaussian,0.93025,0.019749999999999934,0.002013779678552249,0.40740182061058317,630,0.4957210657214381,12.442499999999958
0.8,cornish_fisher,0.914,0.03599999999999992,0.0022164724225669937,0.40740182061058317,630,0.9035928286567996,22.67999999999995
0.8,calibrated,0.9544375,0.004437500000000094,0.0016486084775074318,0.40740182061058317,630,0.11138036603235116,2.7956250000000593
0.9,gaussian,0.90125,0.04874999999999996,0.0023584745798396894,0.7416060568954587,630,1.2236152888060845,30.712499999999974
0.9,cornish_fisher,0.859625,0.09037499999999998,0.0027462458394938902,0.7416060568954587,630,2.2683944969405117,56.93624999999999
0.9,calibrated,0.9503125,0.00031250000000004885,0.0017178957394103913,0.7416060568954587,630,0.007843687748758184,0.19687500000003078
0.5,gaussian,0.9570625,0.007062500000000083,0.0016026125368782602,0.003971573742199386,660,0.18143891017364708,4.661250000000054
0.5,cornish_fisher,0.956,0.006000000000000005,0.0016214191315017848,0.003971573742199386,660,0.1541427909439817,3.9600000000000035
0.5,calibrated,0.94775,0.0022499999999999742,0.0017592600983794297,0.003971573742199386,660,0.05780354660399242,1.484999999999983
0.8,gaussian,0.934125,0.015874999999999972,0.0019611139113874802,0.4230784831979026,660,0.4078361343726172,10.477499999999981
0.8,cornish_fisher,0.9168125,0.033187499999999925,0.002183279354602698,0.4230784831979026,660,0.8526023124088961,21.903749999999953
0.8,calibrated,0.9524375,0.0024375000000000924,0.0016826375982692686,0.4230784831979026,660,0.06262050882099487,1.608750000000061
0.9,gaussian,0.9029375,0.04706250000000001,0.0023404242549929653,0.6414599421075918,660,1.2090575164668556,31.061250000000005
0.9,cornish_fisher,0.867,0.08299999999999996,0.002684573988550139,0.6414599421075918,660,2.1323086080584104,54.77999999999997
0.9,calibrated,0.9503125,0.00031250000000004885,0.0017178957394103913,0.6414599421075918,660,0.00802827036166696,0.20625000000003224
0.5,gaussian,0.9526875,0.002687500000000065,0.00167842983439415,-0.0037586723227822512,690,0.07059484975903157,1.8543750000000447
0.5,cornish_fisher,0.9521875,0.002187500000000009,0.0016868325502948942,-0.0037586723227822512,690,0.05746092422246641,1.5093750000000061
0.5,calibrated,0.9503125,0.00031250000000004885,0.0017178957394103913,-0.0037586723227822512,690,0.008208703460353595,0.2156250000000337
0.8,gaussian,0.929375,0.020625000000000004,0.0020254183113464497,0.4358752500478243,690,0.5417744283832526,14.231250000000003
0.8,cornish_fisher,0.911625,0.03837499999999994,0.0022439482415905895,0.4358752500478243,690,1.0080287849312621,26.478749999999955
0.8,calibrated,0.9436875,0.006312499999999943,0.0018224537433044424,0.4358752500478243,690,0.1658158098991152,4.355624999999961
0.9,gaussian,0.9071875,0.04281249999999992,0.002293991333949275,0.6720905275309701,690,1.1245923740682646,29.540624999999945
0.9,cornish_fisher,0.8664375,0.08356249999999998,0.0026893721222823325,0.6720905275309701,690,2.1950073052982075,57.65812499999999
0.9,calibrated,0.9416875,0.008312499999999945,0.0018525683581137767,0.6720905275309701,690,0.21835151204537004,5.735624999999962
0.5,gaussian,0.9500625,6.250000000007638e-05,0.0017219855199331303,-0.03170318896018903,720,0.001677050983126892,0.045000000000054996
0.5,cornish_fisher,0.948125,0.00187499999999996,0.0017532823570199697,-0.03170318896018903,720,0.0503115294937442,1.3499999999999712
0.5,calibrated,0.9446875,0.005312499999999942,0.0018071563875283107,-0.03170318896018903,720,0.14254933356561006,3.8249999999999584
0.8,gaussian,0.9349375,0.015062499999999979,0.0019498296575237992,0.44493077566663297,720,0.40416928693308646,10.844999999999985
0.8,cornish_fisher,0.9180625,0.03193749999999995,0.002168290601109403,0.44493077566663297,720,0.8569730523767931,22.994999999999965
0.8,calibrated,0.9504375,0.0004375000000000906,0.0017158463398886778,0.44493077566663297,720,0.011739356881876327,0.31500000000006523
0.9,gaussian,0.902375,0.04762499999999992,0.0023464648859374605,0.6546581582419704,720,1.2779128491411276,34.28999999999994
0.9,cornish_fisher,0.8631875,0.08681249999999996,0.002716786243014782,0.6546581582419704,720,2.329423815560405,62.50499999999997
0.9,calibrated,0.9471875,0.0028124999999999956,0.001768179498872888,0.6546581582419704,720,0.07546729424061778,2.024999999999997
0.5,gaussian,0.9555625,0.005562500000000026,0.0016290873325605893,0.004842414516640092,750,0.15233533630612503,4.1718750000000195
0.5,cornish_fisher,0.9554375,0.005437500000000095,0.0016312702794476985,0.004842414516640092,750,0.14891207032171966,4.078125000000071
0.5,calibrated,0.957125,0.007125000000000048,0.0016014980169945575,0.004842414516640092,750,0.19512616111121675,5.3437500000000355
0.8,gaussian,0.936125,0.01387499999999997,0.0019331804166806317,0.402984372558483,750,0.3799825242692082,10.406249999999979
0.8,cornish_fisher,0.9186875,0.031312499999999965,0.0021607402861020517,0.402984372558483,750,0.8575281290940248,23.484374999999975
0.8,calibrated,0.9525,0.0025000000000000577,0.0016815868621632363,0.402984372558483,750,0.06846531968814734,1.8750000000000433
0.9,gaussian,0.907625,0.04237499999999994,0.002289130011803065,0.7090791658140165,750,1.1604871687140692,31.781249999999954
0.9,cornish_fisher,0.871875,0.078125,0.0026423117763499262,0.7090791658140165,750,2.1395412402545553,58.59375
0.9,calibrated,0.9483125,0.001687499999999953,0.0017502839473880732,0.7090791658140165,750,0.046214090789497106,1.2656249999999647
0.5,gaussian,0.95125,0.0012500000000000844,0.001702451128153169,-0.0008681185392688019,780,0.034910600109424705,0.9750000000000658
0.5,cornish_fisher,0.9511875,0.001187500000000008,0.0017034861285711656,-0.0008681185392688019,780,0.033165070103951456,0.9262500000000062
0.5,calibrated,0.949375,0.0006249999999999867,0.0017331710348195593,-0.0008681185392688019,780,0.017455300054710805,0.4874999999999896
0.8,gaussian,0.931875,0.018124999999999947,0.0019919209380488724,0.42941297346826823,780,0.5062037015866226,14.137499999999958
0.8,cornish_fisher,0.9149375,0.035062499999999996,0.002205488481801566,0.42941297346826823,780,0.9792423330692969,27.348749999999995
0.8,calibrated,0.949625,0.0003749999999999032,0.0017291139236434068,0.42941297346826823,780,0.010473180032824003,0.2924999999999245
0.9,gaussian,0.905375,0.044624999999999915,0.002313967228795062,0.7279226296376013,780,1.2463084239063755,34.80749999999993
0.9,cornish_fisher,0.8666875,0.0833124999999999,0.0026872415845964376,0.7279226296376013,780,2.326791497292997,64.98374999999993
0.9,calibrated,0.9493125,0.000687499999999952,0.0017341834776010221,0.7279226296376013,780,0.019200830060180953,0.5362499999999626
0.5,gaussian,0.9540625,0.00406250000000008,0.0016550537395684083,-0.019756899388471746,810,0.11562077694990865,3.2906250000000647
0.5,cornish_fisher,0.9529375,0.0029375000000000373,0.0016742091620700727,-0.019756899388471746,810,0.0836027156407026,2.37937500000003
0.5,calibrated,0.9541875,0.004187500000000011,0.0016529087021775815,-0.019756899388471746,810,0.1191783393175961,3.3918750000000086
0.8,gaussian,0.932,0.017999999999999905,0.0019902261178067174,0.3752254759698857,810,0.5122889809472747,14.579999999999924
0.8,cornish_fisher,0.9154375,0.03456249999999994,0.0021995977415448886,0.3752254759698857,810,0.9836659946661248,27.99562499999995
0.8,calibrated,0.949625,0.0003749999999999032,0.0017291139236434068,0.3752254759698857,810,0.010672687103065525,0.3037499999999216
0.9,gaussian,0.9108125,0.03918749999999993,0.002253235033287556,0.7387126528259549,810,1.1152958022706334,31.741874999999943
0.9,cornish_fisher,0.8721875,0.07781249999999995,0.002639560390052551,0.7387126528259549,810,2.2145825738866667,63.02812499999996
0.9,calibrated,0.9548125,0.004812499999999997,0.0016421325662790984,0.7387126528259549,810,0.13696615115604285,3.8981249999999976
0.5,gaussian,0.94775,0.0022499999999999742,0.0017592600983794297,-0.011065296060389074,840,0.06521119535785172,1.8899999999999784
0.5,cornish_fisher,0.946875,0.0031249999999999334,0.001773110515009569,-0.011065296060389074,840,0.09057110466368205,2.624999999999944
0.5,calibrated,0.951,0.0010000000000000009,0.0017065865052788864,-0.011065296060389074,840,0.0289827534923789,0.8400000000000007
0.8,gaussian,0.938125,0.011874999999999969,0.0019047060858404115,0.4443471059143708,840,0.34417019772199825,9.974999999999973
0.8,cornish_fisher,0.922125,0.027874999999999983,0.002118526675177233,0.4443471059143708,840,0.8078942536000607,23.414999999999985
0.8,calibrated,0.9545625,0.004562500000000025,0.001646453263718523,0.4443471059143708,840,0.13223381280897933,3.832500000000021
0.9,gaussian,0.906375,0.043624999999999914,0.0023029784977149697,0.6604435361844279,840,1.264372621105026,36.644999999999925
0.9,cornish_fisher,0.871125,0.07887499999999992,0.0026488940425085897,0.6604435361844279,840,2.2860146817113813,66.25499999999992
0.9,calibrated,0.942375,0.007624999999999993,0.001842287290554191,0.6604435361844279,840,0.22099349537938873,6.404999999999994
0.5,gaussian,0.9530625,0.003062500000000079,0.0016720939547045116,0.021703163271337388,870,0.09033077237298716,2.664375000000069
0.5,cornish_fisher,0.952,0.0020000000000000018,0.0016899704139422093,0.021703163271337388,870,0.058991524815010556,1.7400000000000015
0.5,calibrated,0.951,0.0010000000000000009,0.0017065865052788864,0.021703163271337388,870,0.029495762407505278,0.8700000000000008
0.8,gaussian,0.940125,0.009874999999999967,0.001875666287866128,0.32949292870813224,870,0.2912706537741134,8.591249999999972
0.8,cornish_fisher,0.9295,0.020499999999999963,0.0020237611951512465,0.32949292870813224,870,0.6046631293538566,17.83499999999997
0.8,calibrated,0.951125,0.0011250000000000426,0.0017045203572962984,0.32949292870813224,870,0.033182732708444664,0.9787500000000371
0.9,gaussian,0.9103125,0.03968749999999999,0.0022589219268235846,0.7194908534105287,870,1.1706130705478641,34.52812499999999
0.9,cornish_fisher,0.870875,0.079125,0.002651081552581418,0.7194908534105287,870,2.333852200493853,68.83875
0.9,calibrated,0.95425,0.004250000000000087,0.0016518349172208455,0.7194908534105287,870,0.1253569902318999,3.6975000000000757
0.5,gaussian,0.952375,0.002375000000000016,0.0016836875336408183,0.03200192794449365,900,0.07125000000000048,2.1375000000000144
0.5,cornish_fisher,0.9511875,0.001187500000000008,0.0017034861285711656,0.03200192794449365,900,0.03562500000000024,1.0687500000000072
0.5,calibrated,0.95375,0.003750000000000031,0.0016604016362765969,0.03200192794449365,900,0.11250000000000093,3.375000000000028
0.8,gaussian,0.9371875,0.012812500000000004,0.0019181222889154846,0.44092431924411546,900,0.38437500000000013,11.531250000000004
0.8,cornish_fisher,0.921,0.028999999999999915,0.0021324721569108466,0.44092431924411546,900,0.8699999999999974,26.099999999999923
0.8,calibrated,0.9488125,0.001187500000000008,0.0017422567951465644,0.44092431924411546,900,0.03562500000000024,1.0687500000000072
0.9,gaussian,0.915625,0.03437499999999993,0.0021973828093751666,0.7050664669828022,900,1.031249999999998,30.93749999999994
0.9,cornish_fisher,0.879375,0.07062499999999994,0.0025748132137958083,0.7050664669828022,900,2.118749999999998,63.56249999999994
0.9,calibrated,0.955,0.0050000000000000044,0.0016388830037559125,0.7050664669828022,900,0.15000000000000013,4.5000000000000036
0.5,gaussian,0.951375,0.001375000000000015,0.0017003788066009002,0.015515005701627657,930,0.04193186437543695,1.278750000000014
0.5,cornish_fisher,0.9510625,0.0010625000000000773,0.001705553815732407,0.015515005701627657,930,0.032401895199203286,0.9881250000000719
0.5,calibrated,0.9528125,0.0028124999999999956,0.0016763211178752052,0.015515005701627657,930,0.08576972258611996,2.615624999999996
0.8,gaussian,0.937375,0.012624999999999997,0.0019154488601728582,0.3390281319863701,930,0.3850107547199168,11.741249999999997
0.8,cornish_fisher,0.9224375,0.027562499999999934,0.002114629970493508,0.3390281319863701,930,0.8405432813439749,25.63312499999994
0.8,calibrated,0.9505625,0.0005625000000000213,0.0017137939198192344,0.3390281319863701,930,0.01715394451722467,0.5231250000000198
0.9,gaussian,0.911875,0.038124999999999964,0.002241079321094526,0.694525892606374,930,1.162656239500738,35.45624999999997
0.9,cornish_fisher,0.8776875,0.0723125,0.0025902720941021577,0.694525892606374,930,2.20523486738091,67.250625
0.9,calibrated,0.9464375,0.003562499999999913,0.0017799852280593153,0.694525892606374,930,0.1086416486090828,3.313124999999919
0.5,gaussian,0.9543125,0.004312500000000052,0.0016507602858938587,0.06403258664984342,960,0.13361792544415751,4.14000000000005
0.5,cornish_fisher,0.953625,0.0036249999999999893,0.0016625349502905203,0.06403258664984342,960,0.11231651704001476,3.4799999999999898
0.5,calibrated,0.953875,0.003875000000000073,0.0016582649889078339,0.06403258664984342,960,0.12006248373243218,3.72000000000007
0.8,gaussian,0.937875,0.012124999999999941,0.0019082957772414367,0.3621075773404841,960,0.37567938458211764,11.639999999999944
0.8,cornish_fisher,0.9246875,0.02531249999999996,0.0020862725035297705,0.3621075773404841,960,0.7842791276070007,24.29999999999996
0.8,calibrated,0.9450625,0.004937499999999928,0.0018013774433358971,0.3621075773404841,960,0.15298284217519073,4.739999999999931
0.9,gaussian,0.9168125,0.033187499999999925,0.002183279354602698,0.6178287712153436,960,1.0282770784180668,31.85999999999993
0.9,cornish_fisher,0.8868125,0.06318749999999995,0.002504696711227604,0.6178287712153436,960,1.957793081507848,60.659999999999954
0.9,calibrated,0.945375,0.00462499999999999,0.001796543719461762,0.6178287712153436,960,0.14330038380967414,4.439999999999991
